target,mae,rmse,r2,train_samples,val_samples
pm_sepuluh,1.269389983376209,2.6778963212203863,0.9769521661809322,12516,2209
pm_duakomalima,1.3350594684999886,2.605291489346419,0.990263525054448,12516,2209
sulfur_dioksida,0.618598068211977,0.9475984899700141,0.9901805369592557,12516,2209
karbon_monoksida,0.49549631189576854,1.0289920263360035,0.9946618736015942,12516,2209
ozon,1.5579186926352884,2.831317259267078,0.9933061380390056,12516,2209
nitrogen_dioksida,0.45336572491099114,0.8612578815973762,0.99306976366771,12516,2209
